name,username,password,title,agency,location,photo
Tammy Craig,kids@test.gov,kidskidsT1!,Social Media Director,Dept of Education,"Washington, DC",assets/users/tammy.jpg
Pran Mhasalkar,pran@test.gov,pranpranT1!,Special Advisor,Office of Science & Technology Policy,"Washington, DC",assets/users/pran.jpg
Alan Barret,alan@test.gov,alanalanT1!,Deputy Secretary,Dept of Agriculture,"Washington, DC",assets/users/alan.jpg
Janice Thompson,janice@test.gov,janicejaniceT1!,Field Officer Level 3,Dept of Homeland Security,"Duluth, MN",assets/users/janice.jpg
Clay Smithson,clay@test.gov,clayclayT1!,,Dept of Labor,"Minneapolis, MN",assets/users/clay.jpg
Lucia Esperanza,cat@test.gov,catcatT1!,Procurement Manager,General Services Administration,"Minneapolis, MN",assets/users/lucia.jpg
Dante Francis,dante@test.gov,dantedanteT1!,Secret Service Field Agent,Dept of Treasury,"New York, NY",assets/users/dante.jpg
Serena Chao,serena@test.gov,serenaserenaT1!,,Agency for Internation Development (USAID),"Washington, DC",assets/users/serena.jpg
Jason Xui,jason@test.gov,jasonjasonT1!,TSA Inspector,Dept of Homeland Security,"Washington, DC",assets/users/jason.jpg
Sally Wilson,sally@test.gov,sallysallyT1!,Field Software Engineer,Dept of State,"SÃ£o Paulo, BR",assets/users/sally.jpg
Robert Simmons,robert@test.gov,robertrobertT1!,Port Security Inspector,Dept of Homeland Security,"San Francisco, CA",assets/users/robert.jpg
Tanya de la Rocha,tanya@test.gov,tanyatanyaT1!,Deputy Field Operations Director,Dept of State,"Lahore, Punjab, PK",assets/users/tanya.jpg